name,Image
Bad Girl Good Girl,Bad Girl Good Girl.png
Burning up,Burning up.jpg
Different,Different.png
Hype boy,Hype boy.jpg
I_ll See You There Tomorrow,I_ll See You There Tomorrow.png
illusion,illusion.jpg
Gnarly,GNARLY.jpg
Kill This Love ,Kill This Love .png
Hypnotize,Hypnotize.png
LALALALA,LALALALA.jpg
Last Festival,Last Festival.jpg
Love dive,Love dive.jpg
Nobody knows ,Nobody knows .jpg
One More Time,One More Time.jpg
Run For Roses,Run For Roses.jpg
Secret story of the swan,Secret story of the swan.jpg
Tunnel Vision,Tunnel Vision.jpg
We go up,We go up.jpg